[
  {
    "code": "AF",
    "name": "Afghanistan",
    "iso": "AFG",
    "phone": "93",
    "currencycode": "AFN",
    "dateformat": "DD/MM/YYYY",
    "fiscalstart": "January-01",
    "timezone": "Asia/Kabul"
  },
  {
    "code": "AX",
    "name": "Åland Islands",
    "iso": "ALA",
    "phone": "358",
    "currencycode": "EUR",
    "dateformat": "MM/DD/YYYY",
    "fiscalstart": "January-01",
    "timezone": "Europe/Mariehamn"
  },
  {
    "code": "AL",
    "name": "Albania",
    "iso": "ALB",
    "phone": "355",
    "currencycode": "ALL",
    "dateformat": "DD-MM-YYYY",
    "fiscalstart": "January-01",
    "timezone": "Europe/Tirane"
  },
  {
    "code": "DZ",
    "name": "Algeria",
    "iso": "DZA",
    "phone": "213",
    "currencycode": "DZD",
    "dateformat": "DD/MM/YYYY",
    "fiscalstart": "January-01",
    "timezone": "Africa/Algiers"
  },
  {
    "code": "AS",
    "name": "American Samoa",
    "iso": "ASM",
    "phone": "1684",
    "currencycode": "USD",
    "dateformat": "MM/DD/YYYY",
    "fiscalstart": "January-01",
    "timezone": "Pacific/Pago_Pago"
  },
  {
    "code": "AD",
    "name": "Andorra",
    "iso": "AND",
    "phone": "376",
    "currencycode": "EUR",
    "dateformat": "DD-MM-YYYY",
    "fiscalstart": "January-01",
    "timezone": "Europe/Andorra"
  },
  {
    "code": "AO",
    "name": "Angola",
    "iso": "AGO",
    "phone": "244",
    "currencycode": "AOA",
    "dateformat": "DD/MM/YYYY",
    "fiscalstart": "January-01",
    "timezone": "Africa/Luanda"
  },
  {
    "code": "AI",
    "name": "Anguilla",
    "iso": "AIA",
    "phone": "1264",
    "currencycode": "XCD",
    "dateformat": "MM/DD/YYYY",
    "fiscalstart": "January-01",
    "timezone": "America/Anguilla"
  },
  {
    "code": "AQ",
    "name": "Antarctica",
    "iso": "ATA",
    "phone": "672",
    "currencycode": "USD",
    "dateformat": "DD-MM-YYYY",
    "fiscalstart": "January-01",
    "timezone": "Antarctica/Vostok"
  },
  {
    "code": "AG",
    "name": "Antigua and Barbuda",
    "iso": "ATG",
    "phone": "1268",
    "currencycode": "XCD",
    "dateformat": "MM/DD/YYYY",
    "fiscalstart": "January-01",
    "timezone": "America/Antigua"
  },
  {
    "code": "AR",
    "name": "Argentina",
    "iso": "ARG",
    "phone": "54",
    "currencycode": "ARS",
    "dateformat": "DD/MM/YYYY",
    "fiscalstart": "January-01",
    "timezone": "America/Argentina/Ushuaia"
  },
  {
    "code": "AM",
    "name": "Armenia",
    "iso": "ARM",
    "phone": "374",
    "currencycode": "AMD",
    "dateformat": "DD-MM-YYYY",
    "fiscalstart": "January-01",
    "timezone": "Asia/Yerevan"
  },
  {
    "code": "AW",
    "name": "Aruba",
    "iso": "ABW",
    "phone": "297",
    "currencycode": "AWG",
    "dateformat": "DD/MM/YYYY",
    "fiscalstart": "January-01",
    "timezone": "America/Aruba"
  },
  {
    "code": "AU",
    "name": "Australia",
    "iso": "AUS",
    "phone": "61",
    "currencycode": "AUD",
    "dateformat": "DD/MM/YYYY",
    "fiscalstart": "July-01",
    "timezone": "Australia/Sydney"
  },
  {
    "code": "AT",
    "name": "Austria",
    "iso": "AUT",
    "phone": "43",
    "currencycode": "EUR",
    "dateformat": "DD.MM.YYYY",
    "fiscalstart": "January-01",
    "timezone": "Europe/Vienna"
  },
  {
    "code": "AZ",
    "name": "Azerbaijan",
    "iso": "AZE",
    "phone": "994",
    "currencycode": "AZN",
    "dateformat": "DD.MM.YYYY",
    "fiscalstart": "January-01",
    "timezone": "Asia/Baku"
  },
  {
    "code": "BS",
    "name": "Bahamas",
    "iso": "BHS",
    "phone": "1242",
    "currencycode": "BSD",
    "dateformat": "MM/DD/YYYY",
    "fiscalstart": "January-01",
    "timezone": "America/Nassau"
  },
  {
    "code": "BH",
    "name": "Bahrain",
    "iso": "BHR",
    "phone": "973",
    "currencycode": "BHD",
    "dateformat": "DD/MM/YYYY",
    "fiscalstart": "January-01",
    "timezone": "Asia/Bahrain"
  },
  {
    "code": "BD",
    "name": "Bangladesh",
    "iso": "BGD",
    "phone": "880",
    "currencycode": "BDT",
    "dateformat": "DD-MM-YYYY",
    "fiscalstart": "July-01",
    "timezone": "Asia/Dhaka"
  },
  {
    "code": "BB",
    "name": "Barbados",
    "iso": "BRB",
    "phone": "1246",
    "currencycode": "BBD",
    "dateformat": "MM/DD/YYYY",
    "fiscalstart": "January-01",
    "timezone": "America/Barbados"
  },
  {
    "code": "BY",
    "name": "Belarus",
    "iso": "BLR",
    "phone": "375",
    "currencycode": "BYN",
    "dateformat": "DD.MM.YYYY",
    "fiscalstart": "January-01",
    "timezone": "Europe/Minsk"
  },
  {
    "code": "BE",
    "name": "Belgium",
    "iso": "BEL",
    "phone": "32",
    "currencycode": "EUR",
    "dateformat": "DD.MM.YYYY",
    "fiscalstart": "January-01",
    "timezone": "Europe/Brussels"
  },
  {
    "code": "BZ",
    "name": "Belize",
    "iso": "BLZ",
    "phone": "501",
    "currencycode": "BZD",
    "dateformat": "DD/MM/YYYY",
    "fiscalstart": "January-01",
    "timezone": "America/Belize"
  },
  {
    "code": "BJ",
    "name": "Benin",
    "iso": "BEN",
    "phone": "229",
    "currencycode": "XOF",
    "dateformat": "DD/MM/YYYY",
    "fiscalstart": "January-01",
    "timezone": "Africa/Porto-Novo"
  },
  {
    "code": "BM",
    "name": "Bermuda",
    "iso": "BMU",
    "phone": "1441",
    "currencycode": "BMD",
    "dateformat": "MM/DD/YYYY",
    "fiscalstart": "January-01",
    "timezone": "Atlantic/Bermuda"
  },
  {
    "code": "BT",
    "name": "Bhutan",
    "iso": "BTN",
    "phone": "975",
    "currencycode": "BTN",
    "dateformat": "DD-MM-YYYY",
    "fiscalstart": "January-01",
    "timezone": "Asia/Thimphu"
  },
  {
    "code": "BO",
    "name": "Bolivia, Plurinational State of",
    "iso": "BOL",
    "phone": "591",
    "currencycode": "BOB",
    "dateformat": "DD/MM/YYYY",
    "fiscalstart": "January-01",
    "timezone": "America/La_Paz"
  },
  {
    "code": "BQ",
    "name": "Bonaire, Sint Eustatius and Saba",
    "iso": "BES",
    "phone": "5997",
    "currencycode": "USD",
    "dateformat": "MM/DD/YYYY",
    "fiscalstart": "January-01",
    "timezone": "America/Kralendijk"
  },
  {
    "code": "BA",
    "name": "Bosnia and Herzegovina",
    "iso": "BIH",
    "phone": "387",
    "currencycode": "BAM",
    "dateformat": "DD.MM.YYYY",
    "fiscalstart": "January-01",
    "timezone": "Europe/Sarajevo"
  },
  {
    "code": "BW",
    "name": "Botswana",
    "iso": "BWA",
    "phone": "267",
    "currencycode": "BWP",
    "dateformat": "DD/MM/YYYY",
    "fiscalstart": "January-01",
    "timezone": "Africa/Gaborone"
  },
  {
    "code": "BV",
    "name": "Bouvet Island",
    "iso": "BVT",
    "phone": "47",
    "currencycode": "NOK",
    "dateformat": "MM/DD/YYYY",
    "fiscalstart": "January-01",
    "timezone": "Etc/UTC"
  },
  {
    "code": "BR",
    "name": "Brazil",
    "iso": "BRA",
    "phone": "55",
    "currencycode": "BRL",
    "dateformat": "DD-MM-YYYY",
    "fiscalstart": "January-01",
    "timezone": "America/Sao_Paulo"
  },
  {
    "code": "IO",
    "name": "British Indian Ocean Territory",
    "iso": "IOT",
    "phone": "246",
    "currencycode": "USD",
    "dateformat": "MM/DD/YYYY",
    "fiscalstart": "January-01",
    "timezone": "Indian/Chagos"
  },
  {
    "code": "BN",
    "name": "Brunei Darussalam",
    "iso": "BRN",
    "phone": "673",
    "currencycode": "BND",
    "dateformat": "DD-MM-YYYY",
    "fiscalstart": "January-01",
    "timezone": "Asia/Brunei"
  },
  {
    "code": "BG",
    "name": "Bulgaria",
    "iso": "BGR",
    "phone": "359",
    "currencycode": "BGN",
    "dateformat": "DD.MM.YYYY",
    "fiscalstart": "January-01",
    "timezone": "Europe/Sofia"
  },
  {
    "code": "BF",
    "name": "Burkina Faso",
    "iso": "BFA",
    "phone": "226",
    "currencycode": "XOF",
    "dateformat": "DD-MM-YYYY",
    "fiscalstart": "January-01",
    "timezone": "Africa/Ouagadougou"
  },
  {
    "code": "BI",
    "name": "Burundi",
    "iso": "BDI",
    "phone": "257",
    "currencycode": "BIF",
    "dateformat": "DD-MM-YYYY",
    "fiscalstart": "January-01",
    "timezone": "Africa/Bujumbura"
  },
  {
    "code": "CV",
    "name": "Cabo Verde",
    "iso": "CPV",
    "phone": "238",
    "currencycode": "CVE",
    "dateformat": "DD-MM-YYYY",
    "fiscalstart": "January-01",
    "timezone": "Atlantic/Cape_Verde"
  },
  {
    "code": "KH",
    "name": "Cambodia",
    "iso": "KHM",
    "phone": "855",
    "currencycode": "KHR",
    "dateformat": "YYYY-MM-DD",
    "fiscalstart": "January-01",
    "timezone": "Asia/Phnom_Penh"
  },
  {
    "code": "CM",
    "name": "Cameroon",
    "iso": "CMR",
    "phone": "237",
    "currencycode": "XAF",
    "dateformat": "DD-MM-YYYY",
    "fiscalstart": "January-01",
    "timezone": "Africa/Douala"
  },
  {
    "code": "CA",
    "name": "Canada",
    "iso": "CAN",
    "phone": "1",
    "currencycode": "CAD",
    "dateformat": "YYYY-MM-DD",
    "fiscalstart": "April-01",
    "timezone": "America/Winnipeg"
  },
  {
    "code": "KY",
    "name": "Cayman Islands",
    "iso": "CYM",
    "phone": "1345",
    "currencycode": "KYD",
    "dateformat": "MM/DD/YYYY",
    "fiscalstart": "January-01",
    "timezone": "America/Cayman"
  },
  {
    "code": "CF",
    "name": "Central African Republic",
    "iso": "CAF",
    "phone": "236",
    "currencycode": "XAF",
    "dateformat": "DD-MM-YYYY",
    "fiscalstart": "January-01",
    "timezone": "Africa/Bangui"
  },
  {
    "code": "TD",
    "name": "Chad",
    "iso": "TCD",
    "phone": "235",
    "currencycode": "XAF",
    "dateformat": "DD-MM-YYYY",
    "fiscalstart": "January-01",
    "timezone": "Africa/Ndjamena"
  },
  {
    "code": "CL",
    "name": "Chile",
    "iso": "CHL",
    "phone": "56",
    "currencycode": "CLP",
    "dateformat": "DD-MM-YYYY",
    "fiscalstart": "January-01",
    "timezone": "Pacific/Easter"
  },
  {
    "code": "CN",
    "name": "China",
    "iso": "CHN",
    "phone": "86",
    "currencycode": "CNY",
    "dateformat": "YYYY-MM-DD",
    "fiscalstart": "January-01",
    "timezone": "Asia/Urumqi"
  },
  {
    "code": "CX",
    "name": "Christmas Island",
    "iso": "CXR",
    "phone": "61",
    "currencycode": "AUD",
    "dateformat": "DD/MM/YYYY",
    "fiscalstart": "January-01",
    "timezone": "Indian/Christmas"
  },
  {
    "code": "CC",
    "name": "Cocos (Keeling) Islands",
    "iso": "CCK",
    "phone": "61",
    "currencycode": "AUD",
    "dateformat": "DD/MM/YYYY",
    "fiscalstart": "January-01",
    "timezone": "Indian/Cocos"
  },
  {
    "code": "CO",
    "name": "Colombia",
    "iso": "COL",
    "phone": "57",
    "currencycode": "COP",
    "dateformat": "DD/MM/YYYY",
    "fiscalstart": "January-01",
    "timezone": "America/Bogota"
  },
  {
    "code": "KM",
    "name": "Comoros",
    "iso": "COM",
    "phone": "269",
    "currencycode": "KMF",
    "dateformat": "DD-MM-YYYY",
    "fiscalstart": "January-01",
    "timezone": "Indian/Comoro"
  },
  {
    "code": "CG",
    "name": "Congo",
    "iso": "COG",
    "phone": "242",
    "currencycode": "XAF",
    "dateformat": "DD-MM-YYYY",
    "fiscalstart": "January-01",
    "timezone": "Africa/Brazzaville"
  },
  {
    "code": "CD",
    "name": "Congo, Democratic Republic of the",
    "iso": "COD",
    "phone": "243",
    "currencycode": "CDF",
    "dateformat": "DD.MM.YYYY",
    "fiscalstart": "January-01",
    "timezone": "Africa/Lubumbashi"
  },
  {
    "code": "CK",
    "name": "Cook Islands",
    "iso": "COK",
    "phone": "682",
    "currencycode": "NZD",
    "dateformat": "DD/MM/YYYY",
    "fiscalstart": "January-01",
    "timezone": "Pacific/Rarotonga"
  },
  {
    "code": "CR",
    "name": "Costa Rica",
    "iso": "CRI",
    "phone": "506",
    "currencycode": "CRC",
    "dateformat": "DD/MM/YYYY",
    "fiscalstart": "January-01",
    "timezone": "America/Costa_Rica"
  },
  {
    "code": "CI",
    "name": "Côte d'Ivoire",
    "iso": "CIV",
    "phone": "225",
    "currencycode": "XOF",
    "dateformat": "DD/MM/YYYY",
    "fiscalstart": "January-01",
    "timezone": "Africa/Abidjan"
  },
  {
    "code": "HR",
    "name": "Croatia",
    "iso": "HRV",
    "phone": "385",
    "currencycode": "EUR",
    "dateformat": "DD.MM.YYYY",
    "fiscalstart": "January-01",
    "timezone": "Europe/Zagreb"
  },
  {
    "code": "CU",
    "name": "Cuba",
    "iso": "CUB",
    "phone": "53",
    "currencycode": "CUP",
    "dateformat": "DD/MM/YYYY",
    "fiscalstart": "January-01",
    "timezone": "America/Havana"
  },
  {
    "code": "CW",
    "name": "Curaçao",
    "iso": "CUW",
    "phone": "5999",
    "currencycode": "ANG",
    "dateformat": "DD-MM-YYYY",
    "fiscalstart": "January-01",
    "timezone": "America/Curacao"
  },
  {
    "code": "CY",
    "name": "Cyprus",
    "iso": "CYP",
    "phone": "357",
    "currencycode": "EUR",
    "dateformat": "DD/MM/YYYY",
    "fiscalstart": "January-01",
    "timezone": "Asia/Nicosia"
  },
  {
    "code": "CZ",
    "name": "Czechia",
    "iso": "CZE",
    "phone": "420",
    "currencycode": "CZK",
    "dateformat": "DD.MM.YYYY",
    "fiscalstart": "January-01",
    "timezone": "Europe/Prague"
  },
  {
    "code": "DK",
    "name": "Denmark",
    "iso": "DNK",
    "phone": "45",
    "currencycode": "DKK",
    "dateformat": "DD.MM.YYYY",
    "fiscalstart": "January-01",
    "timezone": "Europe/Copenhagen"
  },
  {
    "code": "DJ",
    "name": "Djibouti",
    "iso": "DJI",
    "phone": "253",
    "currencycode": "DJF",
    "dateformat": "DD.MM.YYYY",
    "fiscalstart": "January-01",
    "timezone": "Africa/Djibouti"
  },
  {
    "code": "DM",
    "name": "Dominica",
    "iso": "DMA",
    "phone": "1767",
    "currencycode": "XCD",
    "dateformat": "MM/DD/YYYY",
    "fiscalstart": "January-01",
    "timezone": "America/Dominica"
  },
  {
    "code": "DO",
    "name": "Dominican Republic",
    "iso": "DOM",
    "phone": "1809",
    "currencycode": "DOP",
    "dateformat": "DD/MM/YYYY",
    "fiscalstart": "January-01",
    "timezone": "America/Santo_Domingo"
  },
  {
    "code": "EC",
    "name": "Ecuador",
    "iso": "ECU",
    "phone": "593",
    "currencycode": "USD",
    "dateformat": "MM/DD/YYYY",
    "fiscalstart": "January-01",
    "timezone": "Pacific/Galapagos"
  },
  {
    "code": "EG",
    "name": "Egypt",
    "iso": "EGY",
    "phone": "20",
    "currencycode": "EGP",
    "dateformat": "DD.MM.YYYY",
    "fiscalstart": "July-01",
    "timezone": "Africa/Cairo"
  },
  {
    "code": "SV",
    "name": "El Salvador",
    "iso": "SLV",
    "phone": "503",
    "currencycode": "SVC",
    "dateformat": "DD/MM/YYYY",
    "fiscalstart": "January-01",
    "timezone": "America/El_Salvador"
  },
  {
    "code": "GQ",
    "name": "Equatorial Guinea",
    "iso": "GNQ",
    "phone": "240",
    "currencycode": "XAF",
    "dateformat": "DD.MM.YYYY",
    "fiscalstart": "January-01",
    "timezone": "Africa/Malabo"
  },
  {
    "code": "ER",
    "name": "Eritrea",
    "iso": "ERI",
    "phone": "291",
    "currencycode": "ERN",
    "dateformat": "DD.MM.YYYY",
    "fiscalstart": "January-01",
    "timezone": "Africa/Asmara"
  },
  {
    "code": "EE",
    "name": "Estonia",
    "iso": "EST",
    "phone": "372",
    "currencycode": "EUR",
    "dateformat": "DD.MM.YYYY",
    "fiscalstart": "January-01",
    "timezone": "Europe/Tallinn"
  },
  {
    "code": "SZ",
    "name": "Eswatini",
    "iso": "SWZ",
    "phone": "268",
    "currencycode": "SZL",
    "dateformat": "DD/MM/YYYY",
    "fiscalstart": "January-01",
    "timezone": "Africa/Mbabane"
  },
  {
    "code": "ET",
    "name": "Ethiopia",
    "iso": "ETH",
    "phone": "251",
    "currencycode": "ETB",
    "dateformat": "DD.MM.YYYY",
    "fiscalstart": "January-01",
    "timezone": "Africa/Addis_Ababa"
  },
  {
    "code": "FK",
    "name": "Falkland Islands (Malvinas)",
    "iso": "FLK",
    "phone": "500",
    "currencycode": "FKP",
    "dateformat": "DD/MM/YYYY",
    "fiscalstart": "January-01",
    "timezone": "Atlantic/Stanley"
  },
  {
    "code": "FO",
    "name": "Faroe Islands",
    "iso": "FRO",
    "phone": "298",
    "currencycode": "DKK",
    "dateformat": "DD-MM-YYYY",
    "fiscalstart": "January-01",
    "timezone": "Atlantic/Faroe"
  },
  {
    "code": "FJ",
    "name": "Fiji",
    "iso": "FJI",
    "phone": "679",
    "currencycode": "FJD",
    "dateformat": "DD/MM/YYYY",
    "fiscalstart": "January-01",
    "timezone": "Pacific/Fiji"
  },
  {
    "code": "FI",
    "name": "Finland",
    "iso": "FIN",
    "phone": "358",
    "currencycode": "EUR",
    "dateformat": "DD.MM.YYYY",
    "fiscalstart": "January-01",
    "timezone": "Europe/Helsinki"
  },
  {
    "code": "FR",
    "name": "France",
    "iso": "FRA",
    "phone": "33",
    "currencycode": "EUR",
    "dateformat": "DD/MM/YYYY",
    "fiscalstart": "January-01",
    "timezone": "Europe/Paris"
  },
  {
    "code": "GF",
    "name": "French Guiana",
    "iso": "GUF",
    "phone": "594",
    "currencycode": "EUR",
    "dateformat": "MM/DD/YYYY",
    "fiscalstart": "January-01",
    "timezone": "America/Cayenne"
  },
  {
    "code": "PF",
    "name": "French Polynesia",
    "iso": "PYF",
    "phone": "689",
    "currencycode": "XPF",
    "dateformat": "DD/MM/YYYY",
    "fiscalstart": "January-01",
    "timezone": "Pacific/Tahiti"
  },
  {
    "code": "TF",
    "name": "French Southern Territories",
    "iso": "ATF",
    "phone": "262",
    "currencycode": "EUR",
    "dateformat": "MM/DD/YYYY",
    "fiscalstart": "January-01",
    "timezone": "Indian/Kerguelen"
  },
  {
    "code": "GA",
    "name": "Gabon",
    "iso": "GAB",
    "phone": "241",
    "currencycode": "XAF",
    "dateformat": "DD.MM.YYYY",
    "fiscalstart": "January-01",
    "timezone": "Africa/Libreville"
  },
  {
    "code": "GM",
    "name": "Gambia",
    "iso": "GMB",
    "phone": "220",
    "currencycode": "GMD",
    "dateformat": "DD/MM/YYYY",
    "fiscalstart": "January-01",
    "timezone": "Africa/Banjul"
  },
  {
    "code": "GE",
    "name": "Georgia",
    "iso": "GEO",
    "phone": "995",
    "currencycode": "GEL",
    "dateformat": "DD/MM/YYYY",
    "fiscalstart": "January-01",
    "timezone": "Asia/Tbilisi"
  },
  {
    "code": "DE",
    "name": "Germany",
    "iso": "DEU",
    "phone": "49",
    "currencycode": "EUR",
    "dateformat": "DD.MM.YYYY",
    "fiscalstart": "January-01",
    "timezone": "Europe/Busingen"
  },
  {
    "code": "GH",
    "name": "Ghana",
    "iso": "GHA",
    "phone": "233",
    "currencycode": "GHS",
    "dateformat": "DD/MM/YYYY",
    "fiscalstart": "January-01",
    "timezone": "Africa/Accra"
  },
  {
    "code": "GI",
    "name": "Gibraltar",
    "iso": "GIB",
    "phone": "350",
    "currencycode": "GIP",
    "dateformat": "DD/MM/YYYY",
    "fiscalstart": "January-01",
    "timezone": "Europe/Gibraltar"
  },
  {
    "code": "GR",
    "name": "Greece",
    "iso": "GRC",
    "phone": "30",
    "currencycode": "EUR",
    "dateformat": "DD/MM/YYYY",
    "fiscalstart": "January-01",
    "timezone": "Europe/Athens"
  },
  {
    "code": "GL",
    "name": "Greenland",
    "iso": "GRL",
    "phone": "299",
    "currencycode": "DKK",
    "dateformat": "DD-MM-YYYY",
    "fiscalstart": "January-01",
    "timezone": "America/Thule"
  },
  {
    "code": "GD",
    "name": "Grenada",
    "iso": "GRD",
    "phone": "1473",
    "currencycode": "XCD",
    "dateformat": "MM/DD/YYYY",
    "fiscalstart": "January-01",
    "timezone": "America/Grenada"
  },
  {
    "code": "GP",
    "name": "Guadeloupe",
    "iso": "GLP",
    "phone": "590",
    "currencycode": "EUR",
    "dateformat": "MM/DD/YYYY",
    "fiscalstart": "January-01",
    "timezone": "America/Guadeloupe"
  },
  {
    "code": "GU",
    "name": "Guam",
    "iso": "GUM",
    "phone": "1671",
    "currencycode": "USD",
    "dateformat": "MM/DD/YYYY",
    "fiscalstart": "January-01",
    "timezone": "Pacific/Guam"
  },
  {
    "code": "GT",
    "name": "Guatemala",
    "iso": "GTM",
    "phone": "502",
    "currencycode": "GTQ",
    "dateformat": "DD/MM/YYYY",
    "fiscalstart": "January-01",
    "timezone": "America/Guatemala"
  },
  {
    "code": "GG",
    "name": "Guernsey",
    "iso": "GGY",
    "phone": "44",
    "currencycode": "GBP",
    "dateformat": "DD/MM/YYYY",
    "fiscalstart": "January-01",
    "timezone": "Europe/Guernsey"
  },
  {
    "code": "GN",
    "name": "Guinea",
    "iso": "GIN",
    "phone": "224",
    "currencycode": "GNF",
    "dateformat": "DD/MM/YYYY",
    "fiscalstart": "January-01",
    "timezone": "Africa/Conakry"
  },
  {
    "code": "GW",
    "name": "Guinea-Bissau",
    "iso": "GNB",
    "phone": "245",
    "currencycode": "XOF",
    "dateformat": "DD/MM/YYYY",
    "fiscalstart": "January-01",
    "timezone": "Africa/Bissau"
  },
  {
    "code": "GY",
    "name": "Guyana",
    "iso": "GUY",
    "phone": "592",
    "currencycode": "GYD",
    "dateformat": "DD/MM/YYYY",
    "fiscalstart": "January-01",
    "timezone": "America/Guyana"
  },
  {
    "code": "HT",
    "name": "Haiti",
    "iso": "HTI",
    "phone": "509",
    "currencycode": "HTG",
    "dateformat": "DD/MM/YYYY",
    "fiscalstart": "January-01",
    "timezone": "America/Port-au-Prince"
  },
  {
    "code": "HM",
    "name": "Heard Island and McDonald Islands",
    "iso": "HMD",
    "phone": "61",
    "currencycode": "AUD",
    "dateformat": "MM/DD/YYYY",
    "fiscalstart": "January-01",
    "timezone": "Indian/Kerguelen"
  },
  {
    "code": "VA",
    "name": "Holy See",
    "iso": "VAT",
    "phone": "379",
    "currencycode": "EUR",
    "dateformat": "DD/MM/YYYY",
    "fiscalstart": "January-01",
    "timezone": "Europe/Vatican"
  },
  {
    "code": "HN",
    "name": "Honduras",
    "iso": "HND",
    "phone": "504",
    "currencycode": "HNL",
    "dateformat": "DD/MM/YYYY",
    "fiscalstart": "January-01",
    "timezone": "America/Tegucigalpa"
  },
  {
    "code": "HK",
    "name": "Hong Kong",
    "iso": "HKG",
    "phone": "852",
    "currencycode": "HKD",
    "dateformat": "DD/MM/YYYY",
    "fiscalstart": "April-01",
    "timezone": "Asia/Hong_Kong"
  },
  {
    "code": "HU",
    "name": "Hungary",
    "iso": "HUN",
    "phone": "36",
    "currencycode": "HUF",
    "dateformat": "YYYY.MM.DD",
    "fiscalstart": "January-01",
    "timezone": "Europe/Budapest"
  },
  {
    "code": "IS",
    "name": "Iceland",
    "iso": "ISL",
    "phone": "354",
    "currencycode": "ISK",
    "dateformat": "DD/MM/YYYY",
    "fiscalstart": "January-01",
    "timezone": "Atlantic/Reykjavik"
  },
  {
    "code": "IN",
    "name": "India",
    "iso": "IND",
    "phone": "91",
    "currencycode": "INR",
    "dateformat": "DD-MM-YYYY",
    "fiscalstart": "April-01",
    "timezone": "Asia/Kolkata"
  },
  {
    "code": "ID",
    "name": "Indonesia",
    "iso": "IDN",
    "phone": "62",
    "currencycode": "IDR",
    "dateformat": "DD-MM-YYYY",
    "fiscalstart": "January-01",
    "timezone": "Asia/Pontianak"
  },
  {
    "code": "IR",
    "name": "Iran, Islamic Republic of",
    "iso": "IRN",
    "phone": "98",
    "currencycode": "IRR",
    "dateformat": "YYYY/MM/DD",
    "fiscalstart": "March-21",
    "timezone": "Asia/Tehran"
  },
  {
    "code": "IQ",
    "name": "Iraq",
    "iso": "IRQ",
    "phone": "964",
    "currencycode": "IQD",
    "dateformat": "DD/MM/YYYY",
    "fiscalstart": "January-01",
    "timezone": "Asia/Baghdad"
  },
  {
    "code": "IE",
    "name": "Ireland",
    "iso": "IRL",
    "phone": "353",
    "currencycode": "EUR",
    "dateformat": "DD/MM/YYYY",
    "fiscalstart": "January-01",
    "timezone": "Europe/Dublin"
  },
  {
    "code": "IM",
    "name": "Isle of Man",
    "iso": "IMN",
    "phone": "44",
    "currencycode": "GBP",
    "dateformat": "DD/MM/YYYY",
    "fiscalstart": "January-01",
    "timezone": "Europe/Isle_of_Man"
  },
  {
    "code": "IL",
    "name": "Israel",
    "iso": "ISR",
    "phone": "972",
    "currencycode": "ILS",
    "dateformat": "DD/MM/YYYY",
    "fiscalstart": "January-01",
    "timezone": "Asia/Jerusalem"
  },
  {
    "code": "IT",
    "name": "Italy",
    "iso": "ITA",
    "phone": "39",
    "currencycode": "EUR",
    "dateformat": "DD/MM/YYYY",
    "fiscalstart": "January-01",
    "timezone": "Europe/Rome"
  },
  {
    "code": "JM",
    "name": "Jamaica",
    "iso": "JAM",
    "phone": "1876",
    "currencycode": "JMD",
    "dateformat": "MM/DD/YYYY",
    "fiscalstart": "January-01",
    "timezone": "America/Jamaica"
  },
  {
    "code": "JP",
    "name": "Japan",
    "iso": "JPN",
    "phone": "81",
    "currencycode": "JPY",
    "dateformat": "YYYY/MM/DD",
    "fiscalstart": "April-01",
    "timezone": "Asia/Tokyo"
  },
  {
    "code": "JE",
    "name": "Jersey",
    "iso": "JEY",
    "phone": "44",
    "currencycode": "GBP",
    "dateformat": "DD/MM/YYYY",
    "fiscalstart": "January-01",
    "timezone": "Europe/Jersey"
  },
  {
    "code": "JO",
    "name": "Jordan",
    "iso": "JOR",
    "phone": "962",
    "currencycode": "JOD",
    "dateformat": "DD/MM/YYYY",
    "fiscalstart": "January-01",
    "timezone": "Asia/Amman"
  },
  {
    "code": "KZ",
    "name": "Kazakhstan",
    "iso": "KAZ",
    "phone": "7",
    "currencycode": "KZT",
    "dateformat": "DD.MM.YYYY",
    "fiscalstart": "January-01",
    "timezone": "Asia/Qyzylorda"
  },
  {
    "code": "KE",
    "name": "Kenya",
    "iso": "KEN",
    "phone": "254",
    "currencycode": "KES",
    "dateformat": "DD/MM/YYYY",
    "fiscalstart": "July-01",
    "timezone": "Africa/Nairobi"
  },
  {
    "code": "KI",
    "name": "Kiribati",
    "iso": "KIR",
    "phone": "686",
    "currencycode": "AUD",
    "dateformat": "DD/MM/YYYY",
    "fiscalstart": "January-01",
    "timezone": "Pacific/Tarawa"
  },
  {
    "code": "KP",
    "name": "Korea, Democratic People's Republic of",
    "iso": "PRK",
    "phone": "850",
    "currencycode": "KPW",
    "dateformat": "YYYY-MM-DD",
    "fiscalstart": "January-01",
    "timezone": "Asia/Pyongyang"
  },
  {
    "code": "KR",
    "name": "Korea, Republic of",
    "iso": "KOR",
    "phone": "82",
    "currencycode": "KRW",
    "dateformat": "YYYY.MM.DD",
    "fiscalstart": "January-01",
    "timezone": "Asia/Seoul"
  },
  {
    "code": "KW",
    "name": "Kuwait",
    "iso": "KWT",
    "phone": "965",
    "currencycode": "KWD",
    "dateformat": "DD/MM/YYYY",
    "fiscalstart": "January-01",
    "timezone": "Asia/Kuwait"
  },
  {
    "code": "KG",
    "name": "Kyrgyzstan",
    "iso": "KGZ",
    "phone": "996",
    "currencycode": "KGS",
    "dateformat": "DD/MM/YYYY",
    "fiscalstart": "January-01",
    "timezone": "Asia/Bishkek"
  },
  {
    "code": "LA",
    "name": "Lao People's Democratic Republic",
    "iso": "LAO",
    "phone": "856",
    "currencycode": "LAK",
    "dateformat": "DD/MM/YYYY",
    "fiscalstart": "January-01",
    "timezone": "Asia/Vientiane"
  },
  {
    "code": "LV",
    "name": "Latvia",
    "iso": "LVA",
    "phone": "371",
    "currencycode": "EUR",
    "dateformat": "DD.MM.YYYY",
    "fiscalstart": "January-01",
    "timezone": "Europe/Riga"
  },
  {
    "code": "LB",
    "name": "Lebanon",
    "iso": "LBN",
    "phone": "961",
    "currencycode": "LBP",
    "dateformat": "DD/MM/YYYY",
    "fiscalstart": "January-01",
    "timezone": "Asia/Beirut"
  },
  {
    "code": "LS",
    "name": "Lesotho",
    "iso": "LSO",
    "phone": "266",
    "currencycode": "LSL",
    "dateformat": "DD/MM/YYYY",
    "fiscalstart": "January-01",
    "timezone": "Africa/Maseru"
  },
  {
    "code": "LR",
    "name": "Liberia",
    "iso": "LBR",
    "phone": "231",
    "currencycode": "LRD",
    "dateformat": "MM/DD/YYYY",
    "fiscalstart": "January-01",
    "timezone": "Africa/Monrovia"
  },
  {
    "code": "LY",
    "name": "Libya",
    "iso": "LBY",
    "phone": "218",
    "currencycode": "LYD",
    "dateformat": "DD/MM/YYYY",
    "fiscalstart": "January-01",
    "timezone": "Africa/Tripoli"
  },
  {
    "code": "LI",
    "name": "Liechtenstein",
    "iso": "LIE",
    "phone": "423",
    "currencycode": "CHF",
    "dateformat": "DD.MM.YYYY",
    "fiscalstart": "January-01",
    "timezone": "Europe/Vaduz"
  },
  {
    "code": "LT",
    "name": "Lithuania",
    "iso": "LTU",
    "phone": "370",
    "currencycode": "EUR",
    "dateformat": "YYYY-MM-DD",
    "fiscalstart": "January-01",
    "timezone": "Europe/Vilnius"
  },
  {
    "code": "LU",
    "name": "Luxembourg",
    "iso": "LUX",
    "phone": "352",
    "currencycode": "EUR",
    "dateformat": "DD/MM/YYYY",
    "fiscalstart": "January-01",
    "timezone": "Europe/Luxembourg"
  },
  {
    "code": "MO",
    "name": "Macao",
    "iso": "MAC",
    "phone": "853",
    "currencycode": "MOP",
    "dateformat": "YYYY/MM/DD",
    "fiscalstart": "January-01",
    "timezone": "Asia/Macau"
  },
  {
    "code": "MG",
    "name": "Madagascar",
    "iso": "MDG",
    "phone": "261",
    "currencycode": "MGA",
    "dateformat": "DD/MM/YYYY",
    "fiscalstart": "January-01",
    "timezone": "Indian/Antananarivo"
  },
  {
    "code": "MW",
    "name": "Malawi",
    "iso": "MWI",
    "phone": "265",
    "currencycode": "MWK",
    "dateformat": "DD/MM/YYYY",
    "fiscalstart": "January-01",
    "timezone": "Africa/Blantyre"
  },
  {
    "code": "MY",
    "name": "Malaysia",
    "iso": "MYS",
    "phone": "60",
    "currencycode": "MYR",
    "dateformat": "DD/MM/YYYY",
    "fiscalstart": "January-01",
    "timezone": "Asia/Kuching"
  },
  {
    "code": "MV",
    "name": "Maldives",
    "iso": "MDV",
    "phone": "960",
    "currencycode": "MVR",
    "dateformat": "DD/MM/YYYY",
    "fiscalstart": "January-01",
    "timezone": "Indian/Maldives"
  },
  {
    "code": "ML",
    "name": "Mali",
    "iso": "MLI",
    "phone": "223",
    "currencycode": "XOF",
    "dateformat": "DD/MM/YYYY",
    "fiscalstart": "January-01",
    "timezone": "Africa/Bamako"
  },
  {
    "code": "MT",
    "name": "Malta",
    "iso": "MLT",
    "phone": "356",
    "currencycode": "EUR",
    "dateformat": "DD/MM/YYYY",
    "fiscalstart": "January-01",
    "timezone": "Europe/Malta"
  },
  {
    "code": "MH",
    "name": "Marshall Islands",
    "iso": "MHL",
    "phone": "692",
    "currencycode": "USD",
    "dateformat": "MM/DD/YYYY",
    "fiscalstart": "January-01",
    "timezone": "Pacific/Majuro"
  },
  {
    "code": "MQ",
    "name": "Martinique",
    "iso": "MTQ",
    "phone": "596",
    "currencycode": "EUR",
    "dateformat": "MM/DD/YYYY",
    "fiscalstart": "January-01",
    "timezone": "America/Martinique"
  },
  {
    "code": "MR",
    "name": "Mauritania",
    "iso": "MRT",
    "phone": "222",
    "currencycode": "MRU",
    "dateformat": "DD/MM/YYYY",
    "fiscalstart": "January-01",
    "timezone": "Africa/Nouakchott"
  },
  {
    "code": "MU",
    "name": "Mauritius",
    "iso": "MUS",
    "phone": "230",
    "currencycode": "MUR",
    "dateformat": "DD/MM/YYYY",
    "fiscalstart": "January-01",
    "timezone": "Indian/Mauritius"
  },
  {
    "code": "YT",
    "name": "Mayotte",
    "iso": "MYT",
    "phone": "262",
    "currencycode": "EUR",
    "dateformat": "DD/MM/YYYY",
    "fiscalstart": "January-01",
    "timezone": "Indian/Mayotte"
  },
  {
    "code": "MX",
    "name": "Mexico",
    "iso": "MEX",
    "phone": "52",
    "currencycode": "MXN",
    "dateformat": "DD/MM/YYYY",
    "fiscalstart": "January-01",
    "timezone": "America/Tijuana"
  },
  {
    "code": "FM",
    "name": "Micronesia, Federated States of",
    "iso": "FSM",
    "phone": "691",
    "currencycode": "USD",
    "dateformat": "MM/DD/YYYY",
    "fiscalstart": "January-01",
    "timezone": "Pacific/Pohnpei"
  },
  {
    "code": "MD",
    "name": "Moldova, Republic of",
    "iso": "MDA",
    "phone": "373",
    "currencycode": "MDL",
    "dateformat": "DD.MM.YYYY",
    "fiscalstart": "January-01",
    "timezone": "Europe/Chisinau"
  },
  {
    "code": "MC",
    "name": "Monaco",
    "iso": "MCO",
    "phone": "377",
    "currencycode": "EUR",
    "dateformat": "DD/MM/YYYY",
    "fiscalstart": "January-01",
    "timezone": "Europe/Monaco"
  },
  {
    "code": "MN",
    "name": "Mongolia",
    "iso": "MNG",
    "phone": "976",
    "currencycode": "MNT",
    "dateformat": "YYYY.MM.DD",
    "fiscalstart": "January-01",
    "timezone": "Asia/Ulaanbaatar"
  },
  {
    "code": "ME",
    "name": "Montenegro",
    "iso": "MNE",
    "phone": "382",
    "currencycode": "EUR",
    "dateformat": "DD/MM/YYYY",
    "fiscalstart": "January-01",
    "timezone": "Europe/Podgorica"
  },
  {
    "code": "MS",
    "name": "Montserrat",
    "iso": "MSR",
    "phone": "1664",
    "currencycode": "XCD",
    "dateformat": "MM/DD/YYYY",
    "fiscalstart": "January-01",
    "timezone": "America/Montserrat"
  },
  {
    "code": "MA",
    "name": "Morocco",
    "iso": "MAR",
    "phone": "212",
    "currencycode": "MAD",
    "dateformat": "DD/MM/YYYY",
    "fiscalstart": "January-01",
    "timezone": "Africa/El_Aaiun"
  },
  {
    "code": "MZ",
    "name": "Mozambique",
    "iso": "MOZ",
    "phone": "258",
    "currencycode": "MZN",
    "dateformat": "DD/MM/YYYY",
    "fiscalstart": "January-01",
    "timezone": "Africa/Maputo"
  },
  {
    "code": "MM",
    "name": "Myanmar",
    "iso": "MMR",
    "phone": "95",
    "currencycode": "MMK",
    "dateformat": "DD/MM/YYYY",
    "fiscalstart": "October-01",
    "timezone": "Asia/Yangon"
  },
  {
    "code": "NA",
    "name": "Namibia",
    "iso": "NAM",
    "phone": "264",
    "currencycode": "NAD",
    "dateformat": "DD/MM/YYYY",
    "fiscalstart": "January-01",
    "timezone": "Africa/Windhoek"
  },
  {
    "code": "NR",
    "name": "Nauru",
    "iso": "NRU",
    "phone": "674",
    "currencycode": "AUD",
    "dateformat": "DD/MM/YYYY",
    "fiscalstart": "January-01",
    "timezone": "Pacific/Nauru"
  },
  {
    "code": "NP",
    "name": "Nepal",
    "iso": "NPL",
    "phone": "977",
    "currencycode": "NPR",
    "dateformat": "YYYY-MM-DD",
    "fiscalstart": "July-01",
    "timezone": "Asia/Kathmandu"
  },
  {
    "code": "NL",
    "name": "Netherlands, Kingdom of the",
    "iso": "NLD",
    "phone": "31",
    "currencycode": "EUR",
    "dateformat": "DD-MM-YYYY",
    "fiscalstart": "January-01",
    "timezone": "Europe/Amsterdam"
  },
  {
    "code": "NC",
    "name": "New Caledonia",
    "iso": "NCL",
    "phone": "687",
    "currencycode": "XPF",
    "dateformat": "DD/MM/YYYY",
    "fiscalstart": "January-01",
    "timezone": "Pacific/Noumea"
  },
  {
    "code": "NZ",
    "name": "New Zealand",
    "iso": "NZL",
    "phone": "64",
    "currencycode": "NZD",
    "dateformat": "DD/MM/YYYY",
    "fiscalstart": "July-01",
    "timezone": "Pacific/Chatham"
  },
  {
    "code": "NI",
    "name": "Nicaragua",
    "iso": "NIC",
    "phone": "505",
    "currencycode": "NIO",
    "dateformat": "DD/MM/YYYY",
    "fiscalstart": "January-01",
    "timezone": "America/Managua"
  },
  {
    "code": "NE",
    "name": "Niger",
    "iso": "NER",
    "phone": "227",
    "currencycode": "XOF",
    "dateformat": "DD/MM/YYYY",
    "fiscalstart": "January-01",
    "timezone": "Africa/Niamey"
  },
  {
    "code": "NG",
    "name": "Nigeria",
    "iso": "NGA",
    "phone": "234",
    "currencycode": "NGN",
    "dateformat": "DD/MM/YYYY",
    "fiscalstart": "January-01",
    "timezone": "Africa/Lagos"
  },
  {
    "code": "NU",
    "name": "Niue",
    "iso": "NIU",
    "phone": "683",
    "currencycode": "NZD",
    "dateformat": "DD/MM/YYYY",
    "fiscalstart": "January-01",
    "timezone": "Pacific/Niue"
  },
  {
    "code": "NF",
    "name": "Norfolk Island",
    "iso": "NFK",
    "phone": "672",
    "currencycode": "AUD",
    "dateformat": "MM/DD/YYYY",
    "fiscalstart": "January-01",
    "timezone": "Pacific/Norfolk"
  },
  {
    "code": "MK",
    "name": "North Macedonia",
    "iso": "MKD",
    "phone": "389",
    "currencycode": "MKD",
    "dateformat": "DD.MM.YYYY",
    "fiscalstart": "January-01",
    "timezone": "Europe/Skopje"
  },
  {
    "code": "MP",
    "name": "Northern Mariana Islands",
    "iso": "MNP",
    "phone": "1670",
    "currencycode": "USD",
    "dateformat": "MM/DD/YYYY",
    "fiscalstart": "January-01",
    "timezone": "Pacific/Saipan"
  },
  {
    "code": "NO",
    "name": "Norway",
    "iso": "NOR",
    "phone": "47",
    "currencycode": "NOK",
    "dateformat": "DD.MM.YYYY",
    "fiscalstart": "January-01",
    "timezone": "Europe/Oslo"
  },
  {
    "code": "OM",
    "name": "Oman",
    "iso": "OMN",
    "phone": "968",
    "currencycode": "OMR",
    "dateformat": "DD/MM/YYYY",
    "fiscalstart": "January-01",
    "timezone": "Asia/Muscat"
  },
  {
    "code": "PK",
    "name": "Pakistan",
    "iso": "PAK",
    "phone": "92",
    "currencycode": "PKR",
    "dateformat": "DD-MM-YYYY",
    "fiscalstart": "July-01",
    "timezone": "Asia/Karachi"
  },
  {
    "code": "PW",
    "name": "Palau",
    "iso": "PLW",
    "phone": "680",
    "currencycode": "USD",
    "dateformat": "MM/DD/YYYY",
    "fiscalstart": "January-01",
    "timezone": "Pacific/Palau"
  },
  {
    "code": "PS",
    "name": "Palestine, State of",
    "iso": "PSE",
    "phone": "970",
    "currencycode": "ILS",
    "dateformat": "DD-MM-YYYY",
    "fiscalstart": "January-01",
    "timezone": "Asia/Hebron"
  },
  {
    "code": "PA",
    "name": "Panama",
    "iso": "PAN",
    "phone": "507",
    "currencycode": "PAB",
    "dateformat": "MM/DD/YYYY",
    "fiscalstart": "January-01",
    "timezone": "America/Panama"
  },
  {
    "code": "PG",
    "name": "Papua New Guinea",
    "iso": "PNG",
    "phone": "675",
    "currencycode": "PGK",
    "dateformat": "DD/MM/YYYY",
    "fiscalstart": "January-01",
    "timezone": "Pacific/Port_Moresby"
  },
  {
    "code": "PY",
    "name": "Paraguay",
    "iso": "PRY",
    "phone": "595",
    "currencycode": "PYG",
    "dateformat": "DD-MM-YYYY",
    "fiscalstart": "January-01",
    "timezone": "America/Asuncion"
  },
  {
    "code": "PE",
    "name": "Peru",
    "iso": "PER",
    "phone": "51",
    "currencycode": "PEN",
    "dateformat": "DD/MM/YYYY",
    "fiscalstart": "January-01",
    "timezone": "America/Lima"
  },
  {
    "code": "PH",
    "name": "Philippines",
    "iso": "PHL",
    "phone": "63",
    "currencycode": "PHP",
    "dateformat": "MM/DD/YYYY",
    "fiscalstart": "January-01",
    "timezone": "Asia/Manila"
  },
  {
    "code": "PN",
    "name": "Pitcairn",
    "iso": "PCN",
    "phone": "64",
    "currencycode": "NZD",
    "dateformat": "DD/MM/YYYY",
    "fiscalstart": "January-01",
    "timezone": "Pacific/Pitcairn"
  },
  {
    "code": "PL",
    "name": "Poland",
    "iso": "POL",
    "phone": "48",
    "currencycode": "PLN",
    "dateformat": "DD-MM-YYYY",
    "fiscalstart": "January-01",
    "timezone": "Europe/Warsaw"
  },
  {
    "code": "PT",
    "name": "Portugal",
    "iso": "PRT",
    "phone": "351",
    "currencycode": "EUR",
    "dateformat": "DD-MM-YYYY",
    "fiscalstart": "January-01",
    "timezone": "Europe/Lisbon"
  },
  {
    "code": "PR",
    "name": "Puerto Rico",
    "iso": "PRI",
    "phone": "1787",
    "currencycode": "USD",
    "dateformat": "MM/DD/YYYY",
    "fiscalstart": "January-01",
    "timezone": "America/Puerto_Rico"
  },
  {
    "code": "QA",
    "name": "Qatar",
    "iso": "QAT",
    "phone": "974",
    "currencycode": "QAR",
    "dateformat": "DD/MM/YYYY",
    "fiscalstart": "January-01",
    "timezone": "Asia/Qatar"
  },
  {
    "code": "RE",
    "name": "Réunion",
    "iso": "REU",
    "phone": "262",
    "currencycode": "EUR",
    "dateformat": "DD/MM/YYYY",
    "fiscalstart": "January-01",
    "timezone": "Indian/Reunion"
  },
  {
    "code": "RO",
    "name": "Romania",
    "iso": "ROU",
    "phone": "40",
    "currencycode": "RON",
    "dateformat": "DD.MM.YYYY",
    "fiscalstart": "January-01",
    "timezone": "Europe/Bucharest"
  },
  {
    "code": "RU",
    "name": "Russian Federation",
    "iso": "RUS",
    "phone": "7",
    "currencycode": "RUB",
    "dateformat": "DD.MM.YYYY",
    "fiscalstart": "January-01",
    "timezone": "Europe/Volgograd"
  },
  {
    "code": "RW",
    "name": "Rwanda",
    "iso": "RWA",
    "phone": "250",
    "currencycode": "RWF",
    "dateformat": "DD/MM/YYYY",
    "fiscalstart": "January-01",
    "timezone": "Africa/Kigali"
  },
  {
    "code": "BL",
    "name": "Saint Barthélemy",
    "iso": "BLM",
    "phone": "590",
    "currencycode": "EUR",
    "dateformat": "DD/MM/YYYY",
    "fiscalstart": "January-01",
    "timezone": "America/St_Barthelemy"
  },
  {
    "code": "SH",
    "name": "Saint Helena, Ascension and Tristan da Cunha",
    "iso": "SHN",
    "phone": "290",
    "currencycode": "SHP",
    "dateformat": "DD/MM/YYYY",
    "fiscalstart": "January-01",
    "timezone": "Atlantic/St_Helena"
  },
  {
    "code": "KN",
    "name": "Saint Kitts and Nevis",
    "iso": "KNA",
    "phone": "1869",
    "currencycode": "XCD",
    "dateformat": "MM/DD/YYYY",
    "fiscalstart": "January-01",
    "timezone": "America/St_Kitts"
  },
  {
    "code": "LC",
    "name": "Saint Lucia",
    "iso": "LCA",
    "phone": "1758",
    "currencycode": "XCD",
    "dateformat": "MM/DD/YYYY",
    "fiscalstart": "January-01",
    "timezone": "America/St_Lucia"
  },
  {
    "code": "MF",
    "name": "Saint Martin (French part)",
    "iso": "MAF",
    "phone": "590",
    "currencycode": "EUR",
    "dateformat": "DD/MM/YYYY",
    "fiscalstart": "January-01",
    "timezone": "America/Marigot"
  },
  {
    "code": "PM",
    "name": "Saint Pierre and Miquelon",
    "iso": "SPM",
    "phone": "508",
    "currencycode": "EUR",
    "dateformat": "DD/MM/YYYY",
    "fiscalstart": "January-01",
    "timezone": "America/Miquelon"
  },
  {
    "code": "VC",
    "name": "Saint Vincent and the Grenadines",
    "iso": "VCT",
    "phone": "1784",
    "currencycode": "XCD",
    "dateformat": "MM/DD/YYYY",
    "fiscalstart": "January-01",
    "timezone": "America/St_Vincent"
  },
  {
    "code": "WS",
    "name": "Samoa",
    "iso": "WSM",
    "phone": "685",
    "currencycode": "WST",
    "dateformat": "DD/MM/YYYY",
    "fiscalstart": "January-01",
    "timezone": "Pacific/Apia"
  },
  {
    "code": "SM",
    "name": "San Marino",
    "iso": "SMR",
    "phone": "378",
    "currencycode": "EUR",
    "dateformat": "DD/MM/YYYY",
    "fiscalstart": "January-01",
    "timezone": "Europe/San_Marino"
  },
  {
    "code": "ST",
    "name": "Sao Tome and Principe",
    "iso": "STP",
    "phone": "239",
    "currencycode": "STN",
    "dateformat": "DD/MM/YYYY",
    "fiscalstart": "January-01",
    "timezone": "Africa/Sao_Tome"
  },
  {
    "code": "SA",
    "name": "Saudi Arabia",
    "iso": "SAU",
    "phone": "966",
    "currencycode": "SAR",
    "dateformat": "DD/MM/YYYY",
    "fiscalstart": "January-01",
    "timezone": "Asia/Riyadh"
  },
  {
    "code": "SN",
    "name": "Senegal",
    "iso": "SEN",
    "phone": "221",
    "currencycode": "XOF",
    "dateformat": "DD/MM/YYYY",
    "fiscalstart": "January-01",
    "timezone": "Africa/Dakar"
  },
  {
    "code": "RS",
    "name": "Serbia",
    "iso": "SRB",
    "phone": "381",
    "currencycode": "RSD",
    "dateformat": "DD.MM.YYYY",
    "fiscalstart": "January-01",
    "timezone": "Europe/Belgrade"
  },
  {
    "code": "SC",
    "name": "Seychelles",
    "iso": "SYC",
    "phone": "248",
    "currencycode": "SCR",
    "dateformat": "DD/MM/YYYY",
    "fiscalstart": "January-01",
    "timezone": "Indian/Mahe"
  },
  {
    "code": "SL",
    "name": "Sierra Leone",
    "iso": "SLE",
    "phone": "232",
    "currencycode": "SLL",
    "dateformat": "DD/MM/YYYY",
    "fiscalstart": "January-01",
    "timezone": "Africa/Freetown"
  },
  {
    "code": "SG",
    "name": "Singapore",
    "iso": "SGP",
    "phone": "65",
    "currencycode": "SGD",
    "dateformat": "DD/MM/YYYY",
    "fiscalstart": "April-01",
    "timezone": "Asia/Singapore"
  },
  {
    "code": "SX",
    "name": "Sint Maarten (Dutch part)",
    "iso": "SXM",
    "phone": "1721",
    "currencycode": "ANG",
    "dateformat": "DD-MM-YYYY",
    "fiscalstart": "January-01",
    "timezone": "America/Lower_Princes"
  },
  {
    "code": "SK",
    "name": "Slovakia",
    "iso": "SVK",
    "phone": "421",
    "currencycode": "EUR",
    "dateformat": "DD.MM.YYYY",
    "fiscalstart": "January-01",
    "timezone": "Europe/Bratislava"
  },
  {
    "code": "SI",
    "name": "Slovenia",
    "iso": "SVN",
    "phone": "386",
    "currencycode": "EUR",
    "dateformat": "DD.MM.YYYY",
    "fiscalstart": "January-01",
    "timezone": "Europe/Ljubljana"
  },
  {
    "code": "SB",
    "name": "Solomon Islands",
    "iso": "SLB",
    "phone": "677",
    "currencycode": "SBD",
    "dateformat": "DD/MM/YYYY",
    "fiscalstart": "January-01",
    "timezone": "Pacific/Guadalcanal"
  },
  {
    "code": "SO",
    "name": "Somalia",
    "iso": "SOM",
    "phone": "252",
    "currencycode": "SOS",
    "dateformat": "DD/MM/YYYY",
    "fiscalstart": "January-01",
    "timezone": "Africa/Mogadishu"
  },
  {
    "code": "ZA",
    "name": "South Africa",
    "iso": "ZAF",
    "phone": "27",
    "currencycode": "ZAR",
    "dateformat": "YYYY/MM/DD",
    "fiscalstart": "April-01",
    "timezone": "Africa/Johannesburg"
  },
  {
    "code": "GS",
    "name": "South Georgia and the South Sandwich Islands",
    "iso": "SGS",
    "phone": "500",
    "currencycode": "GBP",
    "dateformat": "MM/DD/YYYY",
    "fiscalstart": "January-01",
    "timezone": "Atlantic/South_Georgia"
  },
  {
    "code": "SS",
    "name": "South Sudan",
    "iso": "SSD",
    "phone": "211",
    "currencycode": "SSP",
    "dateformat": "DD/MM/YYYY",
    "fiscalstart": "January-01",
    "timezone": "Africa/Juba"
  },
  {
    "code": "ES",
    "name": "Spain",
    "iso": "ESP",
    "phone": "34",
    "currencycode": "EUR",
    "dateformat": "DD/MM/YYYY",
    "fiscalstart": "January-01",
    "timezone": "Europe/Madrid"
  },
  {
    "code": "LK",
    "name": "Sri Lanka",
    "iso": "LKA",
    "phone": "94",
    "currencycode": "LKR",
    "dateformat": "DD/MM/YYYY",
    "fiscalstart": "January-01",
    "timezone": "Asia/Colombo"
  },
  {
    "code": "SD",
    "name": "Sudan",
    "iso": "SDN",
    "phone": "249",
    "currencycode": "SDG",
    "dateformat": "DD/MM/YYYY",
    "fiscalstart": "January-01",
    "timezone": "Africa/Khartoum"
  },
  {
    "code": "SR",
    "name": "Suriname",
    "iso": "SUR",
    "phone": "597",
    "currencycode": "SRD",
    "dateformat": "DD-MM-YYYY",
    "fiscalstart": "January-01",
    "timezone": "America/Paramaribo"
  },
  {
    "code": "SJ",
    "name": "Svalbard and Jan Mayen",
    "iso": "SJM",
    "phone": "4779",
    "currencycode": "NOK",
    "dateformat": "DD.MM.YYYY",
    "fiscalstart": "January-01",
    "timezone": "Arctic/Longyearbyen"
  },
  {
    "code": "SE",
    "name": "Sweden",
    "iso": "SWE",
    "phone": "46",
    "currencycode": "SEK",
    "dateformat": "YYYY-MM-DD",
    "fiscalstart": "January-01",
    "timezone": "Europe/Stockholm"
  },
  {
    "code": "CH",
    "name": "Switzerland",
    "iso": "CHE",
    "phone": "41",
    "currencycode": "CHF",
    "dateformat": "DD.MM.YYYY",
    "fiscalstart": "January-01",
    "timezone": "Europe/Zurich"
  },
  {
    "code": "SY",
    "name": "Syrian Arab Republic",
    "iso": "SYR",
    "phone": "963",
    "currencycode": "SYP",
    "dateformat": "DD/MM/YYYY",
    "fiscalstart": "January-01",
    "timezone": "Asia/Damascus"
  },
  {
    "code": "TW",
    "name": "Taiwan, Province of China",
    "iso": "TWN",
    "phone": "886",
    "currencycode": "TWD",
    "dateformat": "YYYY/MM/DD",
    "fiscalstart": "January-01",
    "timezone": "Asia/Taipei"
  },
  {
    "code": "TJ",
    "name": "Tajikistan",
    "iso": "TJK",
    "phone": "992",
    "currencycode": "TJS",
    "dateformat": "DD-MM-YYYY",
    "fiscalstart": "January-01",
    "timezone": "Asia/Dushanbe"
  },
  {
    "code": "TZ",
    "name": "Tanzania, United Republic of",
    "iso": "TZA",
    "phone": "255",
    "currencycode": "TZS",
    "dateformat": "DD/MM/YYYY",
    "fiscalstart": "July-01",
    "timezone": "Africa/Dar_es_Salaam"
  },
  {
    "code": "TH",
    "name": "Thailand",
    "iso": "THA",
    "phone": "66",
    "currencycode": "THB",
    "dateformat": "DD/MM/YYYY",
    "fiscalstart": "October-01",
    "timezone": "Asia/Bangkok"
  },
  {
    "code": "TL",
    "name": "Timor-Leste",
    "iso": "TLS",
    "phone": "670",
    "currencycode": "USD",
    "dateformat": "MM/DD/YYYY",
    "fiscalstart": "January-01",
    "timezone": "Asia/Dili"
  },
  {
    "code": "TG",
    "name": "Togo",
    "iso": "TGO",
    "phone": "228",
    "currencycode": "XOF",
    "dateformat": "DD/MM/YYYY",
    "fiscalstart": "January-01",
    "timezone": "Africa/Lome"
  },
  {
    "code": "TK",
    "name": "Tokelau",
    "iso": "TKL",
    "phone": "690",
    "currencycode": "NZD",
    "dateformat": "DD/MM/YYYY",
    "fiscalstart": "January-01",
    "timezone": "Pacific/Fakaofo"
  },
  {
    "code": "TO",
    "name": "Tonga",
    "iso": "TON",
    "phone": "676",
    "currencycode": "TOP",
    "dateformat": "DD/MM/YYYY",
    "fiscalstart": "January-01",
    "timezone": "Pacific/Tongatapu"
  },
  {
    "code": "TT",
    "name": "Trinidad and Tobago",
    "iso": "TTO",
    "phone": "1868",
    "currencycode": "TTD",
    "dateformat": "MM/DD/YYYY",
    "fiscalstart": "January-01",
    "timezone": "America/Port_of_Spain"
  },
  {
    "code": "TN",
    "name": "Tunisia",
    "iso": "TUN",
    "phone": "216",
    "currencycode": "TND",
    "dateformat": "DD/MM/YYYY",
    "fiscalstart": "January-01",
    "timezone": "Africa/Tunis"
  },
  {
    "code": "TR",
    "name": "Türkiye",
    "iso": "TUR",
    "phone": "90",
    "currencycode": "TRY",
    "dateformat": "DD.MM.YYYY",
    "fiscalstart": "January-01",
    "timezone": "Europe/Istanbul"
  },
  {
    "code": "TM",
    "name": "Turkmenistan",
    "iso": "TKM",
    "phone": "993",
    "currencycode": "TMT",
    "dateformat": "DD.MM.YYYY",
    "fiscalstart": "January-01",
    "timezone": "Asia/Ashgabat"
  },
  {
    "code": "TC",
    "name": "Turks and Caicos Islands",
    "iso": "TCA",
    "phone": "1649",
    "currencycode": "USD",
    "dateformat": "MM/DD/YYYY",
    "fiscalstart": "January-01",
    "timezone": "America/Grand_Turk"
  },
  {
    "code": "TV",
    "name": "Tuvalu",
    "iso": "TUV",
    "phone": "688",
    "currencycode": "AUD",
    "dateformat": "DD/MM/YYYY",
    "fiscalstart": "January-01",
    "timezone": "Pacific/Funafuti"
  },
  {
    "code": "UG",
    "name": "Uganda",
    "iso": "UGA",
    "phone": "256",
    "currencycode": "UGX",
    "dateformat": "DD/MM/YYYY",
    "fiscalstart": "July-01",
    "timezone": "Africa/Kampala"
  },
  {
    "code": "UA",
    "name": "Ukraine",
    "iso": "UKR",
    "phone": "380",
    "currencycode": "UAH",
    "dateformat": "DD.MM.YYYY",
    "fiscalstart": "January-01",
    "timezone": "Europe/Simferopol"
  },
  {
    "code": "AE",
    "name": "United Arab Emirates",
    "iso": "ARE",
    "phone": "971",
    "currencycode": "AED",
    "dateformat": "MM/DD/YYYY",
    "fiscalstart": "January-01",
    "timezone": "Asia/Dubai"
  },
  {
    "code": "GB",
    "name": "United Kingdom of Great Britain and Northern Ireland",
    "iso": "GBR",
    "phone": "44",
    "currencycode": "GBP",
    "dateformat": "DD/MM/YYYY",
    "fiscalstart": "April-01",
    "timezone": "Europe/London"
  },
  {
    "code": "US",
    "name": "United States of America",
    "iso": "USA",
    "phone": "1",
    "currencycode": "USD",
    "dateformat": "MM/DD/YYYY",
    "fiscalstart": "January-01",
    "timezone": "Pacific/Honolulu"
  },
  {
    "code": "UM",
    "name": "United States Minor Outlying Islands",
    "iso": "UMI",
    "phone": "1",
    "currencycode": "USD",
    "dateformat": "MM/DD/YYYY",
    "fiscalstart": "January-01",
    "timezone": "Pacific/Wake"
  },
  {
    "code": "UY",
    "name": "Uruguay",
    "iso": "URY",
    "phone": "598",
    "currencycode": "UYU",
    "dateformat": "DD/MM/YYYY",
    "fiscalstart": "January-01",
    "timezone": "America/Montevideo"
  },
  {
    "code": "UZ",
    "name": "Uzbekistan",
    "iso": "UZB",
    "phone": "998",
    "currencycode": "UZS",
    "dateformat": "DD.MM.YYYY",
    "fiscalstart": "January-01",
    "timezone": "Asia/Tashkent"
  },
  {
    "code": "VU",
    "name": "Vanuatu",
    "iso": "VUT",
    "phone": "678",
    "currencycode": "VUV",
    "dateformat": "DD/MM/YYYY",
    "fiscalstart": "January-01",
    "timezone": "Pacific/Efate"
  },
  {
    "code": "VE",
    "name": "Venezuela, Bolivarian Republic of",
    "iso": "VEN",
    "phone": "58",
    "currencycode": "VEF",
    "dateformat": "DD/MM/YYYY",
    "fiscalstart": "January-01",
    "timezone": "America/Caracas"
  },
  {
    "code": "VN",
    "name": "Viet Nam",
    "iso": "VNM",
    "phone": "84",
    "currencycode": "VND",
    "dateformat": "DD/MM/YYYY",
    "fiscalstart": "January-01",
    "timezone": "Asia/Ho_Chi_Minh"
  },
  {
    "code": "VG",
    "name": "Virgin Islands (British)",
    "iso": "VGB",
    "phone": "1284",
    "currencycode": "USD",
    "dateformat": "MM/DD/YYYY",
    "fiscalstart": "January-01",
    "timezone": "America/Tortola"
  },
  {
    "code": "VI",
    "name": "Virgin Islands (U.S.)",
    "iso": "VIR",
    "phone": "1340",
    "currencycode": "USD",
    "dateformat": "MM/DD/YYYY",
    "fiscalstart": "January-01",
    "timezone": "America/St_Thomas"
  },
  {
    "code": "WF",
    "name": "Wallis and Futuna",
    "iso": "WLF",
    "phone": "681",
    "currencycode": "XPF",
    "dateformat": "DD/MM/YYYY",
    "fiscalstart": "January-01",
    "timezone": "Pacific/Wallis"
  },
  {
    "code": "EH",
    "name": "Western Sahara",
    "iso": "ESH",
    "phone": "212",
    "currencycode": "MAD",
    "dateformat": "DD/MM/YYYY",
    "fiscalstart": "January-01",
    "timezone": "Africa/El_Aaiun"
  },
  {
    "code": "YE",
    "name": "Yemen",
    "iso": "YEM",
    "phone": "967",
    "currencycode": "YER",
    "dateformat": "DD/MM/YYYY",
    "fiscalstart": "January-01",
    "timezone": "Asia/Aden"
  },
  {
    "code": "ZM",
    "name": "Zambia",
    "iso": "ZMB",
    "phone": "260",
    "currencycode": "ZMW",
    "dateformat": "DD/MM/YYYY",
    "fiscalstart": "January-01",
    "timezone": "Africa/Lusaka"
  },
  {
    "code": "ZW",
    "name": "Zimbabwe",
    "iso": "ZWE",
    "phone": "263",
    "currencycode": "USD",
    "dateformat": "DD/MM/YYYY",
    "fiscalstart": "January-01",
    "timezone": "Africa/Harare"
  }
]